MuiBox-root href,MuiBox-root src,css-1n8x1y2,MuiTypography-root (2),MuiTypography-root (3),MuiTypography-root (5),MuiTypography-root (6)
https://www.makro.pro/th/p/dnixegr-6761192456387?info=JTdCJTIycGFnZVNsdWclMjIlM0ElMjJTY290dCUyMGFuZCUyMEtsZWVuZXgtJTIwVGlzc3VlJTIwUGFwZXIlMkYxMDI0OSUyMiUyQyUyMmNhcm91c2VsTmFtZSUyMiUzQSUyMiUyMiUyQyUyMmNvbGxlY3Rpb25JZCUyMiUzQSUyMjEwMjQ5JTIyJTdE,https://images.mango-prod.siammakro.cloud/product-images/6761192456387-f2e97fd9-08ad-48fa-b542-bea70a4c60b1.jpeg?imageMogr2/thumbnail/300x300,สก๊อตต์ คลีนแคร์ กระดาษชําระหนา 3 ชั้น 24 ม้วน,฿,279.,฿ 299.00,-6%
https://www.makro.pro/th/p/8t77mu6-7526577864899?info=JTdCJTIycGFnZVNsdWclMjIlM0ElMjJTY290dCUyMGFuZCUyMEtsZWVuZXgtJTIwVGlzc3VlJTIwUGFwZXIlMkYxMDI0OSUyMiUyQyUyMmNhcm91c2VsTmFtZSUyMiUzQSUyMiUyMiUyQyUyMmNvbGxlY3Rpb25JZCUyMiUzQSUyMjEwMjQ5JTIyJTJDJTIyaW5kZXhDbGlja2VkJTIyJTNBMSU3RA,https://images.mango-prod.siammakro.cloud/product-images/7526577864899-88ecbddd-7a83-4b1b-bb54-0fe0c2720769.jpeg?imageMogr2/thumbnail/300x300,สก๊อตต์ คลีนแคร์ กระดาษทิชชู่ 3 ชั้น 32+8 ม้วน,฿,429.,฿ 455.00,-5%
https://www.makro.pro/th/p/gz2atam-7115403100355?info=JTdCJTIycGFnZVNsdWclMjIlM0ElMjJTY290dCUyMGFuZCUyMEtsZWVuZXgtJTIwVGlzc3VlJTIwUGFwZXIlMkYxMDI0OSUyMiUyQyUyMmNhcm91c2VsTmFtZSUyMiUzQSUyMiUyMiUyQyUyMmNvbGxlY3Rpb25JZCUyMiUzQSUyMjEwMjQ5JTIyJTJDJTIyaW5kZXhDbGlja2VkJTIyJTNBMiU3RA,https://images.mango-prod.siammakro.cloud/SOURCE/7b693123ec12418b9d1e43f1f9593cc6,สก๊อตต์ คลีนแคร์ กระดาษชําระหนา 3 ชั้น 6 ม้วน,฿,88.,฿ 90.00,-2%
https://www.makro.pro/th/p/t1f6djb-7248017064131?info=JTdCJTIycGFnZVNsdWclMjIlM0ElMjJTY290dCUyMGFuZCUyMEtsZWVuZXgtJTIwVGlzc3VlJTIwUGFwZXIlMkYxMDI0OSUyMiUyQyUyMmNhcm91c2VsTmFtZSUyMiUzQSUyMiUyMiUyQyUyMmNvbGxlY3Rpb25JZCUyMiUzQSUyMjEwMjQ5JTIyJTJDJTIyaW5kZXhDbGlja2VkJTIyJTNBMyU3RA,https://images.mango-prod.siammakro.cloud/SOURCE/7284007ec3d4479286bc3836c912bb04,สก๊อตต์ กระดาษชําระ ม้วน x 48,฿,249.,฿ 263.00,-5%
https://www.makro.pro/th/p/xbh4u5d-7275670765763?info=JTdCJTIycGFnZVNsdWclMjIlM0ElMjJTY290dCUyMGFuZCUyMEtsZWVuZXgtJTIwVGlzc3VlJTIwUGFwZXIlMkYxMDI0OSUyMiUyQyUyMmNhcm91c2VsTmFtZSUyMiUzQSUyMiUyMiUyQyUyMmNvbGxlY3Rpb25JZCUyMiUzQSUyMjEwMjQ5JTIyJTJDJTIyaW5kZXhDbGlja2VkJTIyJTNBNCU3RA,https://images.mango-prod.siammakro.cloud/SOURCE/4993f83366b44b1d9787e0c9e93c5944,สก๊อตต์ กระดาษชําระ ซีเลคท์ ความยาวพิเศษ 32 ม้วน,฿,189.,฿ 202.00,-6%
https://www.makro.pro/th/p/25nsl3j-7115403329731?info=JTdCJTIycGFnZVNsdWclMjIlM0ElMjJTY290dCUyMGFuZCUyMEtsZWVuZXgtJTIwVGlzc3VlJTIwUGFwZXIlMkYxMDI0OSUyMiUyQyUyMmNhcm91c2VsTmFtZSUyMiUzQSUyMiUyMiUyQyUyMmNvbGxlY3Rpb25JZCUyMiUzQSUyMjEwMjQ5JTIyJTJDJTIyaW5kZXhDbGlja2VkJTIyJTNBNSU3RA,https://images.mango-prod.siammakro.cloud/SOURCE/9c03a6228be04488984e40aa3bc756d4,สก๊อตต์ กระดาษชําระ ความยาวพิเศษ x 40,฿,355.,฿ 377.00,-5%
https://www.makro.pro/th/p/drv3za-7115403264195?info=JTdCJTIycGFnZVNsdWclMjIlM0ElMjJTY290dCUyMGFuZCUyMEtsZWVuZXgtJTIwVGlzc3VlJTIwUGFwZXIlMkYxMDI0OSUyMiUyQyUyMmNhcm91c2VsTmFtZSUyMiUzQSUyMiUyMiUyQyUyMmNvbGxlY3Rpb25JZCUyMiUzQSUyMjEwMjQ5JTIyJTJDJTIyaW5kZXhDbGlja2VkJTIyJTNBNiU3RA,https://images.mango-prod.siammakro.cloud/SOURCE/e3e782d7d268440f8d50d50ab304c001,สก๊อตต์ คลีนแคร์ กระดาษชําระ 3 ชั้น ไซส์ 2XL 24 ม้วน,"฿

373.

00",฿,,
https://www.makro.pro/th/p/-8cfbbd-7115403657411?info=JTdCJTIycGFnZVNsdWclMjIlM0ElMjJTY290dCUyMGFuZCUyMEtsZWVuZXgtJTIwVGlzc3VlJTIwUGFwZXIlMkYxMDI0OSUyMiUyQyUyMmNhcm91c2VsTmFtZSUyMiUzQSUyMiUyMiUyQyUyMmNvbGxlY3Rpb25JZCUyMiUzQSUyMjEwMjQ5JTIyJTJDJTIyaW5kZXhDbGlja2VkJTIyJTNBNyU3RA,https://images.mango-prod.siammakro.cloud/SOURCE/4dcffaea6a8a4cb1b1edfaae88c6c4a8,สก๊อตต์ คลีนแคร์ กระดาษชําระ หนา 3 ชั้น 3XL x 24,฿,379.,฿ 427.00,-11%
https://www.makro.pro/th/p/p7jvgjd-7115403428035?info=JTdCJTIycGFnZVNsdWclMjIlM0ElMjJTY290dCUyMGFuZCUyMEtsZWVuZXgtJTIwVGlzc3VlJTIwUGFwZXIlMkYxMDI0OSUyMiUyQyUyMmNhcm91c2VsTmFtZSUyMiUzQSUyMiUyMiUyQyUyMmNvbGxlY3Rpb25JZCUyMiUzQSUyMjEwMjQ5JTIyJTJDJTIyaW5kZXhDbGlja2VkJTIyJTNBOCU3RA,https://images.mango-prod.siammakro.cloud/product-images/7115403428035-95691829-4131-4218-a2e9-1145d5af33c1.jpeg?imageMogr2/thumbnail/300x300,สก๊อตต์ เอ็กซ์ตร้า กระดาษชําระ ความยาวพิเศษ 24 ม้วน,"฿

245.

00",฿,,
https://www.makro.pro/th/p/nhtza7v-7115403559107?info=JTdCJTIycGFnZVNsdWclMjIlM0ElMjJTY290dCUyMGFuZCUyMEtsZWVuZXgtJTIwVGlzc3VlJTIwUGFwZXIlMkYxMDI0OSUyMiUyQyUyMmNhcm91c2VsTmFtZSUyMiUzQSUyMiUyMiUyQyUyMmNvbGxlY3Rpb25JZCUyMiUzQSUyMjEwMjQ5JTIyJTJDJTIyaW5kZXhDbGlja2VkJTIyJTNBOSU3RA,https://images.mango-prod.siammakro.cloud/product-images/7115403559107-b7d93da8-207d-4a85-9b0f-53380cd74d32.jpeg?imageMogr2/thumbnail/300x300,สก๊อตต์ เอ็กซ์ตร้ายาว 2เท่า 24 ม้วน,฿,275.,฿ 389.00,-29%
https://www.makro.pro/th/p/xyqa7-j-6761192784067?info=JTdCJTIycGFnZVNsdWclMjIlM0ElMjJTY290dCUyMGFuZCUyMEtsZWVuZXgtJTIwVGlzc3VlJTIwUGFwZXIlMkYxMDI0OSUyMiUyQyUyMmNhcm91c2VsTmFtZSUyMiUzQSUyMiUyMiUyQyUyMmNvbGxlY3Rpb25JZCUyMiUzQSUyMjEwMjQ5JTIyJTJDJTIyaW5kZXhDbGlja2VkJTIyJTNBMTAlN0Q,https://images.mango-prod.siammakro.cloud/product-images/6761192784067-981ff2db-33af-442c-8dc2-4db8dbb1e361.jpeg?imageMogr2/thumbnail/300x300,สก๊อตต์ ซูเปอร์จัมโบ้ กระดาษชําระ ความยาว 3 เท่า 24 ม้วน,"฿

363.

00",฿,,
https://www.makro.pro/th/p/ikmixp3-7248016933059?info=JTdCJTIycGFnZVNsdWclMjIlM0ElMjJTY290dCUyMGFuZCUyMEtsZWVuZXgtJTIwVGlzc3VlJTIwUGFwZXIlMkYxMDI0OSUyMiUyQyUyMmNhcm91c2VsTmFtZSUyMiUzQSUyMiUyMiUyQyUyMmNvbGxlY3Rpb25JZCUyMiUzQSUyMjEwMjQ5JTIyJTJDJTIyaW5kZXhDbGlja2VkJTIyJTNBMTElN0Q,https://images.mango-prod.siammakro.cloud/SOURCE/6e6d9df548034841b63383225f8278a0,สก๊อตต์ เอ็กซ์ตร้า กระดาษชําระ บิ๊กโรล ยาวพิเศษ x 12,฿,123.,฿ 136.00,-9%
https://www.makro.pro/th/p/bnkr9_6-7248016867523?info=JTdCJTIycGFnZVNsdWclMjIlM0ElMjJTY290dCUyMGFuZCUyMEtsZWVuZXgtJTIwVGlzc3VlJTIwUGFwZXIlMkYxMDI0OSUyMiUyQyUyMmNhcm91c2VsTmFtZSUyMiUzQSUyMiUyMiUyQyUyMmNvbGxlY3Rpb25JZCUyMiUzQSUyMjEwMjQ5JTIyJTJDJTIyaW5kZXhDbGlja2VkJTIyJTNBMTIlN0Q,https://images.mango-prod.siammakro.cloud/SOURCE/f79d435b2e98448fb50d003bfc632b34,สก๊อตต์ เอ็กซ์ตร้า กระดาษชําระ ความยาวมาตรฐาน 48 ม้วน,฿,355.,฿ 389.00,-8%
