MuiBox-root href,MuiBox-root src,css-1n8x1y2,MuiTypography-root (2),MuiTypography-root (3),MuiTypography-root (6),MuiTypography-root (7),MuiTypography-root (8)
https://www.makro.pro/th/p/qxTTFhp-933751580504624?info=JTdCJTIycGFnZVNsdWclMjIlM0ElMjJTYWxtb24lMjBwYWdlJTIwJTdDJTIwRnJvemVuJTIwVHJvdXQlMkYxNzcxMCUyMiUyQyUyMmNhcm91c2VsTmFtZSUyMiUzQSUyMiUyMiUyQyUyMmNvbGxlY3Rpb25JZCUyMiUzQSUyMjE3NzEwJTIyJTdE,https://images.mango-prod.siammakro.cloud/product-images/933751580504624-4b8bbd35-5fdb-4579-93b8-32ce11335b6f.jpeg?imageMogr2/thumbnail/300x300,ปลาเทร้าตัดหัวแช่แข็ง 1 ตัว ( ประมาณ 2.7+ กก./ตัว),฿,314.,฿ 319.00,20 - 49 kg,-1%
https://www.makro.pro/th/p/zs_Q8xg-539004593487619?info=JTdCJTIycGFnZVNsdWclMjIlM0ElMjJTYWxtb24lMjBwYWdlJTIwJTdDJTIwRnJvemVuJTIwVHJvdXQlMkYxNzcxMCUyMiUyQyUyMmNhcm91c2VsTmFtZSUyMiUzQSUyMiUyMiUyQyUyMmNvbGxlY3Rpb25JZCUyMiUzQSUyMjE3NzEwJTIyJTJDJTIyaW5kZXhDbGlja2VkJTIyJTNBMSU3RA,https://images.mango-prod.siammakro.cloud/product-images/539004593487619-a2b68ad3-dbc3-4aca-b0e9-4930298a9d89.jpeg?imageMogr2/thumbnail/300x300,เอโร่ โกลด์ แซลมอนเทราต์รมควันสไลซ์แช่แข็ง 100 ก.,฿,109.,฿ 119.00,30+ units,-8%
https://www.makro.pro/th/p/8bqiKz8-199962199250652?info=JTdCJTIycGFnZVNsdWclMjIlM0ElMjJTYWxtb24lMjBwYWdlJTIwJTdDJTIwRnJvemVuJTIwVHJvdXQlMkYxNzcxMCUyMiUyQyUyMmNhcm91c2VsTmFtZSUyMiUzQSUyMiUyMiUyQyUyMmNvbGxlY3Rpb25JZCUyMiUzQSUyMjE3NzEwJTIyJTJDJTIyaW5kZXhDbGlja2VkJTIyJTNBMiU3RA,https://images.mango-prod.siammakro.cloud/product-images/199962199250652-1a966092-81fa-464f-a71c-c61998c2cf88.jpeg?imageMogr2/thumbnail/300x300,เอโร่ โกลด์ แซลมอนเทราต์รมควันสไลซ์แช่แข็ง 500 ก.,฿,434.,฿ 439.00,10+ units,-1%
https://www.makro.pro/th/p/HarloSd-576877359955623?info=JTdCJTIycGFnZVNsdWclMjIlM0ElMjJTYWxtb24lMjBwYWdlJTIwJTdDJTIwRnJvemVuJTIwVHJvdXQlMkYxNzcxMCUyMiUyQyUyMmNhcm91c2VsTmFtZSUyMiUzQSUyMiUyMiUyQyUyMmNvbGxlY3Rpb25JZCUyMiUzQSUyMjE3NzEwJTIyJTJDJTIyaW5kZXhDbGlja2VkJTIyJTNBMyU3RA,https://images.mango-prod.siammakro.cloud/SOURCE/8e56088ea5624124b4c138512af9caf0,ปลาเทร้าตัดหัวแช่แข็ง 1 ตัว ( ประมาณ 2.7+ กก./ตัว),"฿

319.

00

/kg",฿,,,
