MuiBox-root href,MuiBox-root src,css-1n8x1y2,MuiTypography-root (3),MuiTypography-root (5),MuiTypography-root (6)
https://www.makro.pro/th/p/CBNxGn4-537451783195973?info=JTdCJTIycGFnZVNsdWclMjIlM0ElMjJQZXQlMjBEZXN0aW5hdGlvbiUyMCU3QyUyMFBldCUyMFN1cHBsaWVzJTJGMjE5NzIlMjIlMkMlMjJjYXJvdXNlbE5hbWUlMjIlM0ElMjIlMjIlMkMlMjJjb2xsZWN0aW9uSWQlMjIlM0ElMjIyMTk3MiUyMiU3RA,https://images.mango-prod.siammakro.cloud/SOURCE/160ba4677ff34755a1e2b4c4dc239c71,BEARING Tick & Flea Dog Shampoo แชมพูกําจัดเห็บหมัดสุนัข แชมพูอาบน้ําสุนัข ขจัดกลิ่นสาบ ป้องกันเห็บ หมัด 150ml สุนัขขนมีกลิ่นสาบ,51.,฿ 79.00,-35%
https://www.makro.pro/th/p/CcCdkf--880306329724680?info=JTdCJTIycGFnZVNsdWclMjIlM0ElMjJQZXQlMjBEZXN0aW5hdGlvbiUyMCU3QyUyMFBldCUyMFN1cHBsaWVzJTJGMjE5NzIlMjIlMkMlMjJjYXJvdXNlbE5hbWUlMjIlM0ElMjIlMjIlMkMlMjJjb2xsZWN0aW9uSWQlMjIlM0ElMjIyMTk3MiUyMiUyQyUyMmluZGV4Q2xpY2tlZCUyMiUzQTElN0Q,https://images.mango-prod.siammakro.cloud/SOURCE/c5c84a7ecfe54f338366f40dc8cefee2,BEARING Cat Bye Bye Bad Smell Litter น้ํายาดับกลิ่นทรายแมว กําจัดกลิ่นอับ กลิ่นไม่พึงประสงค์ ฉี่แมว หอมแป้งเด็ก 250ml,129.,฿ 289.00,-55%
https://www.makro.pro/th/p/2737PTp-481358935057339?info=JTdCJTIycGFnZVNsdWclMjIlM0ElMjJQZXQlMjBEZXN0aW5hdGlvbiUyMCU3QyUyMFBldCUyMFN1cHBsaWVzJTJGMjE5NzIlMjIlMkMlMjJjYXJvdXNlbE5hbWUlMjIlM0ElMjIlMjIlMkMlMjJjb2xsZWN0aW9uSWQlMjIlM0ElMjIyMTk3MiUyMiUyQyUyMmluZGV4Q2xpY2tlZCUyMiUzQTIlN0Q,https://images.mango-prod.siammakro.cloud/SOURCE/bcdbbe49fc5944969f5ffe441a6ea326,Chic&Charm Floor Cleaner น้ํายาถูพื้น ทําความสะอาด กลิ่นหอม กําจัดกลิ่นอับ สําหรับสัตว์เลี้ยง หัวน้ําหอมฝรั่งเศส 910ml. Dejavu,87.,฿ 95.00,-8%
https://www.makro.pro/th/p/RdnRTTl-938661807296100?info=JTdCJTIycGFnZVNsdWclMjIlM0ElMjJQZXQlMjBEZXN0aW5hdGlvbiUyMCU3QyUyMFBldCUyMFN1cHBsaWVzJTJGMjE5NzIlMjIlMkMlMjJjYXJvdXNlbE5hbWUlMjIlM0ElMjIlMjIlMkMlMjJjb2xsZWN0aW9uSWQlMjIlM0ElMjIyMTk3MiUyMiUyQyUyMmluZGV4Q2xpY2tlZCUyMiUzQTMlN0Q,https://images.mango-prod.siammakro.cloud/SOURCE/85f8c649374a4b1badc9c6b5eeb203ae,"BEARING Cat Shampoo แชมพูแมว แชมพูอาบน้ําแมว สูตรอ่อนโยน บํารุงผิวหนังและเส้นขน สําหรับแมวทุกสายพันธุ์ บํารุงผิวขนมีออร่า,350ml",123.,฿ 229.00,-46%
https://www.makro.pro/th/p/m1NIbrw-429337642477221?info=JTdCJTIycGFnZVNsdWclMjIlM0ElMjJQZXQlMjBEZXN0aW5hdGlvbiUyMCU3QyUyMFBldCUyMFN1cHBsaWVzJTJGMjE5NzIlMjIlMkMlMjJjYXJvdXNlbE5hbWUlMjIlM0ElMjIlMjIlMkMlMjJjb2xsZWN0aW9uSWQlMjIlM0ElMjIyMTk3MiUyMiUyQyUyMmluZGV4Q2xpY2tlZCUyMiUzQTQlN0Q,https://images.mango-prod.siammakro.cloud/SOURCE/7487ab5e869a48f49b30e102d546005c,BEARING Tick & Flea Dog Shampoo แชมพูกําจัดเห็บหมัดสุนัข แชมพูอาบน้ําสุนัข ขจัดกลิ่นสาบ ป้องกันเห็บ หมัด 150ml สุนัขพันธุ์เล็ก,51.,฿ 79.00,-35%
https://www.makro.pro/th/p/QeVfMKB-119825521996784?info=JTdCJTIycGFnZVNsdWclMjIlM0ElMjJQZXQlMjBEZXN0aW5hdGlvbiUyMCU3QyUyMFBldCUyMFN1cHBsaWVzJTJGMjE5NzIlMjIlMkMlMjJjYXJvdXNlbE5hbWUlMjIlM0ElMjIlMjIlMkMlMjJjb2xsZWN0aW9uSWQlMjIlM0ElMjIyMTk3MiUyMiUyQyUyMmluZGV4Q2xpY2tlZCUyMiUzQTUlN0Q,https://images.mango-prod.siammakro.cloud/SOURCE/043a2afb73f64252ae8d9183753403be,BEARING Tick & Flea Dog Shampoo แชมพูกําจัดเห็บหมัดสุนัข แชมพูอาบน้ําสุนัข ขจัดกลิ่นสาบ ป้องกันเห็บ หมัด 150ml สุนัขทุกสายพันธุ์,51.,฿ 79.00,-35%
https://www.makro.pro/th/p/mNrsEBW-782879230098459?info=JTdCJTIycGFnZVNsdWclMjIlM0ElMjJQZXQlMjBEZXN0aW5hdGlvbiUyMCU3QyUyMFBldCUyMFN1cHBsaWVzJTJGMjE5NzIlMjIlMkMlMjJjYXJvdXNlbE5hbWUlMjIlM0ElMjIlMjIlMkMlMjJjb2xsZWN0aW9uSWQlMjIlM0ElMjIyMTk3MiUyMiUyQyUyMmluZGV4Q2xpY2tlZCUyMiUzQTYlN0Q,https://images.mango-prod.siammakro.cloud/SOURCE/012178c9687448d394102d02545abdb8,"BEARING Cat Litter ทรายแมว ทรายแมวแร่ภูเขาไฟ ทรายอนามัย สําหรับแมว กําจัดกลิ่นได้ทันที จับตัวเป็นก้อนทันที 3 kg. Original,ทรายเม็ดใหญ่",109.,฿ 139.00,-21%
https://www.makro.pro/th/p/6V1BCDG-114832273080526?info=JTdCJTIycGFnZVNsdWclMjIlM0ElMjJQZXQlMjBEZXN0aW5hdGlvbiUyMCU3QyUyMFBldCUyMFN1cHBsaWVzJTJGMjE5NzIlMjIlMkMlMjJjYXJvdXNlbE5hbWUlMjIlM0ElMjIlMjIlMkMlMjJjb2xsZWN0aW9uSWQlMjIlM0ElMjIyMTk3MiUyMiUyQyUyMmluZGV4Q2xpY2tlZCUyMiUzQTclN0Q,https://images.mango-prod.siammakro.cloud/SOURCE/e7131bd831c245ccaed8ff105c4e4ace,BEARING Tick & Flea Dog Shampoo แชมพูกําจัดเห็บหมัดสุนัข แชมพูอาบน้ําสุนัข ขจัดกลิ่นสาบ ป้องกันเห็บ หมัด 150ml สุนัขขนยาว,51.,฿ 79.00,-35%
https://www.makro.pro/th/p/sUEXpTf-564606716262886?info=JTdCJTIycGFnZVNsdWclMjIlM0ElMjJQZXQlMjBEZXN0aW5hdGlvbiUyMCU3QyUyMFBldCUyMFN1cHBsaWVzJTJGMjE5NzIlMjIlMkMlMjJjYXJvdXNlbE5hbWUlMjIlM0ElMjIlMjIlMkMlMjJjb2xsZWN0aW9uSWQlMjIlM0ElMjIyMTk3MiUyMiUyQyUyMmluZGV4Q2xpY2tlZCUyMiUzQTglN0Q,https://images.mango-prod.siammakro.cloud/SOURCE/75b4b3045b824c02b8eb96f1dc4a7215,BEARING Tick & Flea Dog Shampoo แชมพูกําจัดเห็บหมัดสุนัข แชมพูอาบน้ําสุนัข ขจัดกลิ่นสาบ ป้องกันเห็บ หมัด 600ml สุนัขมีกลิ่นสาบ,117.,฿ 189.00,-38%
https://www.makro.pro/th/p/8q87_UG-135826336504986?info=JTdCJTIycGFnZVNsdWclMjIlM0ElMjJQZXQlMjBEZXN0aW5hdGlvbiUyMCU3QyUyMFBldCUyMFN1cHBsaWVzJTJGMjE5NzIlMjIlMkMlMjJjYXJvdXNlbE5hbWUlMjIlM0ElMjIlMjIlMkMlMjJjb2xsZWN0aW9uSWQlMjIlM0ElMjIyMTk3MiUyMiUyQyUyMmluZGV4Q2xpY2tlZCUyMiUzQTklN0Q,https://images.mango-prod.siammakro.cloud/SOURCE/b2a196281bdd4e84bd7d5479dada9828,BEARING Tick & Flea Dog Shampoo แชมพูกําจัดเห็บหมัดสุนัข แชมพูอาบน้ําสุนัข ขจัดกลิ่นสาบ ป้องกันเห็บ หมัด 3000 ml สุนัขมีกลิ่นสาบ,358.,฿ 449.00,-20%
https://www.makro.pro/th/p/gekpxpo-240503355246391?info=JTdCJTIycGFnZVNsdWclMjIlM0ElMjJQZXQlMjBEZXN0aW5hdGlvbiUyMCU3QyUyMFBldCUyMFN1cHBsaWVzJTJGMjE5NzIlMjIlMkMlMjJjYXJvdXNlbE5hbWUlMjIlM0ElMjIlMjIlMkMlMjJjb2xsZWN0aW9uSWQlMjIlM0ElMjIyMTk3MiUyMiUyQyUyMmluZGV4Q2xpY2tlZCUyMiUzQTEwJTdE,https://images.mango-prod.siammakro.cloud/SOURCE/2a422573ba884ae68a5ed6577ab2e9e8,BEARING Tick & Flea Dog Shampoo แชมพูกําจัดเห็บหมัดสุนัข แชมพูอาบน้ําสุนัข ขจัดกลิ่นสาบ ป้องกันเห็บ หมัด 150ml สุนัขขนขาว,51.,฿ 79.00,-35%
https://www.makro.pro/th/p/N3tpufB-482259588892703?info=JTdCJTIycGFnZVNsdWclMjIlM0ElMjJQZXQlMjBEZXN0aW5hdGlvbiUyMCU3QyUyMFBldCUyMFN1cHBsaWVzJTJGMjE5NzIlMjIlMkMlMjJjYXJvdXNlbE5hbWUlMjIlM0ElMjIlMjIlMkMlMjJjb2xsZWN0aW9uSWQlMjIlM0ElMjIyMTk3MiUyMiUyQyUyMmluZGV4Q2xpY2tlZCUyMiUzQTExJTdE,https://images.mango-prod.siammakro.cloud/SOURCE/642c9b29e33a43fe8d632c2adf627fc1,BEARING Tick & Flea Dog Shampoo แชมพูกําจัดเห็บหมัดสุนัข แชมพูอาบน้ําสุนัข ขจัดกลิ่นสาบ ป้องกันเห็บ หมัด 150ml สุนัขขนสั้น,51.,฿ 79.00,-35%
https://www.makro.pro/th/p/pM3y21s-918916311440599?info=JTdCJTIycGFnZVNsdWclMjIlM0ElMjJQZXQlMjBEZXN0aW5hdGlvbiUyMCU3QyUyMFBldCUyMFN1cHBsaWVzJTJGMjE5NzIlMjIlMkMlMjJjYXJvdXNlbE5hbWUlMjIlM0ElMjIlMjIlMkMlMjJjb2xsZWN0aW9uSWQlMjIlM0ElMjIyMTk3MiUyMiUyQyUyMmluZGV4Q2xpY2tlZCUyMiUzQTEyJTdE,https://images.mango-prod.siammakro.cloud/SOURCE/ebf829f94a78429386fa56381b634a6d,"BEARING Cat Litter ทรายแมว ทรายแมวแร่ภูเขาไฟ ทรายอนามัย สําหรับแมว กําจัดกลิ่นได้ทันที จับตัวเป็นก้อนทันที 3 kg. Lavender,ทรายเม็ดใหญ่",109.,฿ 139.00,-21%
https://www.makro.pro/th/p/FwpbK3A-334322912628822?info=JTdCJTIycGFnZVNsdWclMjIlM0ElMjJQZXQlMjBEZXN0aW5hdGlvbiUyMCU3QyUyMFBldCUyMFN1cHBsaWVzJTJGMjE5NzIlMjIlMkMlMjJjYXJvdXNlbE5hbWUlMjIlM0ElMjIlMjIlMkMlMjJjb2xsZWN0aW9uSWQlMjIlM0ElMjIyMTk3MiUyMiUyQyUyMmluZGV4Q2xpY2tlZCUyMiUzQTEzJTdE,https://images.mango-prod.siammakro.cloud/SOURCE/5951ff3f072b442fac25528e500c8b82,"BEARING Cat Litter ทรายแมว ทรายแมวแร่ภูเขาไฟ ทรายอนามัย สําหรับแมว กําจัดกลิ่นได้ทันที จับตัวเป็นก้อนทันที 3 kg. Apple,ทรายเม็ดใหญ่",109.,฿ 139.00,-21%
https://www.makro.pro/th/p/P11Q5V4-100373420249941?info=JTdCJTIycGFnZVNsdWclMjIlM0ElMjJQZXQlMjBEZXN0aW5hdGlvbiUyMCU3QyUyMFBldCUyMFN1cHBsaWVzJTJGMjE5NzIlMjIlMkMlMjJjYXJvdXNlbE5hbWUlMjIlM0ElMjIlMjIlMkMlMjJjb2xsZWN0aW9uSWQlMjIlM0ElMjIyMTk3MiUyMiUyQyUyMmluZGV4Q2xpY2tlZCUyMiUzQTE0JTdE,https://images.mango-prod.siammakro.cloud/SOURCE/9ffab40da327467aae80f22ede284a36,"BEARING Groomer’s Choice Conditioning Shampoo ครีมอาบน้ําสุนัข แชมพูผสมครีมนวด สําหรับสัตว์เลี้ยง หอมนาน อ่อนโยนต่อผิว Fuji Apple ( New ),365 ml.",64.,฿ 99.00,-35%
https://www.makro.pro/th/p/4Pn-uaY-916713914429130?info=JTdCJTIycGFnZVNsdWclMjIlM0ElMjJQZXQlMjBEZXN0aW5hdGlvbiUyMCU3QyUyMFBldCUyMFN1cHBsaWVzJTJGMjE5NzIlMjIlMkMlMjJjYXJvdXNlbE5hbWUlMjIlM0ElMjIlMjIlMkMlMjJjb2xsZWN0aW9uSWQlMjIlM0ElMjIyMTk3MiUyMiUyQyUyMmluZGV4Q2xpY2tlZCUyMiUzQTE1JTdE,https://images.mango-prod.siammakro.cloud/SOURCE/1137ea5122814d1fb977f5f7ebd35448,"BEARING Cat Shampoo แชมพูแมว แชมพูอาบน้ําแมว สูตรอ่อนโยน บํารุงผิวหนังและเส้นขน สําหรับแมวทุกสายพันธุ์ ลดและป้องกันขนร่วง,250ml.",97.,฿ 189.00,-48%
https://www.makro.pro/th/p/S-uH43v-793550778739577?info=JTdCJTIycGFnZVNsdWclMjIlM0ElMjJQZXQlMjBEZXN0aW5hdGlvbiUyMCU3QyUyMFBldCUyMFN1cHBsaWVzJTJGMjE5NzIlMjIlMkMlMjJjYXJvdXNlbE5hbWUlMjIlM0ElMjIlMjIlMkMlMjJjb2xsZWN0aW9uSWQlMjIlM0ElMjIyMTk3MiUyMiUyQyUyMmluZGV4Q2xpY2tlZCUyMiUzQTE2JTdE,https://images.mango-prod.siammakro.cloud/SOURCE/770f86e3352a4f13a2271ebefb1a3914,"BEARING Groomer’s Choice Conditioning Shampoo ครีมอาบน้ําสุนัข แชมพูผสมครีมนวด สําหรับสัตว์เลี้ยง หอมนาน อ่อนโยนต่อผิว Bubble Gum ( New ),450 ml.",77.,฿ 159.00,-51%
https://www.makro.pro/th/p/we2Zf_R-551978745544077?info=JTdCJTIycGFnZVNsdWclMjIlM0ElMjJQZXQlMjBEZXN0aW5hdGlvbiUyMCU3QyUyMFBldCUyMFN1cHBsaWVzJTJGMjE5NzIlMjIlMkMlMjJjYXJvdXNlbE5hbWUlMjIlM0ElMjIlMjIlMkMlMjJjb2xsZWN0aW9uSWQlMjIlM0ElMjIyMTk3MiUyMiUyQyUyMmluZGV4Q2xpY2tlZCUyMiUzQTE3JTdE,https://images.mango-prod.siammakro.cloud/SOURCE/10ce5e1b7fbe4af6b0fc9490ebb610da,BEARING Bio Care Conditioning Shampoo แชมพูสุนัข แมว ผสมครีมนวดเข้มข้น สูตรอ่อนโยน ออแกนิค สําหรับผิวแพ้ง่าย ขนาด 300ml. สุนัขพันธุ์เล็ก,82.,฿ 129.00,-36%
https://www.makro.pro/th/p/v_eS6F7-795852779567065?info=JTdCJTIycGFnZVNsdWclMjIlM0ElMjJQZXQlMjBEZXN0aW5hdGlvbiUyMCU3QyUyMFBldCUyMFN1cHBsaWVzJTJGMjE5NzIlMjIlMkMlMjJjYXJvdXNlbE5hbWUlMjIlM0ElMjIlMjIlMkMlMjJjb2xsZWN0aW9uSWQlMjIlM0ElMjIyMTk3MiUyMiUyQyUyMmluZGV4Q2xpY2tlZCUyMiUzQTE4JTdE,https://images.mango-prod.siammakro.cloud/SOURCE/3e0783f5f48d4cf5b216be54fa7b7623,BEARING Dry Shampoo for Dog & Cat แชมพูอาบน้ําแห้งสําหรับสุนัขและแมว ลดความมันของเส้นขน ใช้งานสะดวก ไม่ต้องการน้ํา 150 กรัม,55.,฿ 69.00,-20%
https://www.makro.pro/th/p/xgpn63U-203355801850333?info=JTdCJTIycGFnZVNsdWclMjIlM0ElMjJQZXQlMjBEZXN0aW5hdGlvbiUyMCU3QyUyMFBldCUyMFN1cHBsaWVzJTJGMjE5NzIlMjIlMkMlMjJjYXJvdXNlbE5hbWUlMjIlM0ElMjIlMjIlMkMlMjJjb2xsZWN0aW9uSWQlMjIlM0ElMjIyMTk3MiUyMiUyQyUyMmluZGV4Q2xpY2tlZCUyMiUzQTE5JTdE,https://images.mango-prod.siammakro.cloud/SOURCE/bd608d89b3ad4b74b228a24b82f8f162,"BEARING Cat Litter ทรายแมว ทรายแมวแร่ภูเขาไฟ ทรายอนามัย สําหรับแมว กําจัดกลิ่นได้ทันที จับตัวเป็นก้อนทันที 3 kg. Baby Powder,ทรายเม็ดเล็ก",123.,฿ 159.00,-22%
https://www.makro.pro/th/p/NKxm8Px-619981354957666?info=JTdCJTIycGFnZVNsdWclMjIlM0ElMjJQZXQlMjBEZXN0aW5hdGlvbiUyMCU3QyUyMFBldCUyMFN1cHBsaWVzJTJGMjE5NzIlMjIlMkMlMjJjYXJvdXNlbE5hbWUlMjIlM0ElMjIlMjIlMkMlMjJjb2xsZWN0aW9uSWQlMjIlM0ElMjIyMTk3MiUyMiUyQyUyMmluZGV4Q2xpY2tlZCUyMiUzQTIwJTdE,https://images.mango-prod.siammakro.cloud/SOURCE/c6e247d8aef34e18a487843d709f5152,BEARING Tick & Flea Dog Shampoo แชมพูกําจัดเห็บหมัด 300ml. สุนัขขนสั้น,73.,฿ 105.00,-30%
https://www.makro.pro/th/p/4_DZi5p-861252881648744?info=JTdCJTIycGFnZVNsdWclMjIlM0ElMjJQZXQlMjBEZXN0aW5hdGlvbiUyMCU3QyUyMFBldCUyMFN1cHBsaWVzJTJGMjE5NzIlMjIlMkMlMjJjYXJvdXNlbE5hbWUlMjIlM0ElMjIlMjIlMkMlMjJjb2xsZWN0aW9uSWQlMjIlM0ElMjIyMTk3MiUyMiUyQyUyMmluZGV4Q2xpY2tlZCUyMiUzQTIxJTdE,https://images.mango-prod.siammakro.cloud/SOURCE/d8b688defc8d4ca585e8bfe923865155,BEARING Tick & Flea Dog Shampoo แชมพูกําจัดเห็บหมัดสุนัข แชมพูอาบน้ําสุนัข ขจัดกลิ่นสาบ ป้องกันเห็บ หมัด 1500ml สุนัขมีกลิ่นสาบ,217.,฿ 319.00,-31%
https://www.makro.pro/th/p/WSz0nHC-641250253499842?info=JTdCJTIycGFnZVNsdWclMjIlM0ElMjJQZXQlMjBEZXN0aW5hdGlvbiUyMCU3QyUyMFBldCUyMFN1cHBsaWVzJTJGMjE5NzIlMjIlMkMlMjJjYXJvdXNlbE5hbWUlMjIlM0ElMjIlMjIlMkMlMjJjb2xsZWN0aW9uSWQlMjIlM0ElMjIyMTk3MiUyMiUyQyUyMmluZGV4Q2xpY2tlZCUyMiUzQTIyJTdE,https://images.mango-prod.siammakro.cloud/SOURCE/94fd550d84aa4e5387e7be07a432c4c9,BEARING Back Off น้ํายาป้องกันสุนัขและแมวฉี่ น้ํายากันแมวฉี่ น้ํายาฝึกขับถ่าย ป้องกันการกัดแทะ 250 ml,127.,฿ 165.00,-23%
https://www.makro.pro/th/p/e3t0Nof-649168255770598?info=JTdCJTIycGFnZVNsdWclMjIlM0ElMjJQZXQlMjBEZXN0aW5hdGlvbiUyMCU3QyUyMFBldCUyMFN1cHBsaWVzJTJGMjE5NzIlMjIlMkMlMjJjYXJvdXNlbE5hbWUlMjIlM0ElMjIlMjIlMkMlMjJjb2xsZWN0aW9uSWQlMjIlM0ElMjIyMTk3MiUyMiUyQyUyMmluZGV4Q2xpY2tlZCUyMiUzQTIzJTdE,https://images.mango-prod.siammakro.cloud/SOURCE/44350d17475c4a668ea6f6ed34abee10,BEARING Tick & Flea Dog Shampoo แชมพูกําจัดเห็บหมัด 300ml. สุนัขขนมีกลิ่นสาบ,73.,฿ 105.00,-30%
https://www.makro.pro/th/p/52xOcwt-994121609970846?info=JTdCJTIycGFnZVNsdWclMjIlM0ElMjJQZXQlMjBEZXN0aW5hdGlvbiUyMCU3QyUyMFBldCUyMFN1cHBsaWVzJTJGMjE5NzIlMjIlMkMlMjJjYXJvdXNlbE5hbWUlMjIlM0ElMjIlMjIlMkMlMjJjb2xsZWN0aW9uSWQlMjIlM0ElMjIyMTk3MiUyMiUyQyUyMmluZGV4Q2xpY2tlZCUyMiUzQTI0JTdE,https://images.mango-prod.siammakro.cloud/SOURCE/c6d2c8641ef947c3b0f3c5c7110cd805,BEARING MASSAGE & RELAXING SHOWER BRUSH,82.,฿ 109.00,-24%
https://www.makro.pro/th/p/RosLu_D-677551989457641?info=JTdCJTIycGFnZVNsdWclMjIlM0ElMjJQZXQlMjBEZXN0aW5hdGlvbiUyMCU3QyUyMFBldCUyMFN1cHBsaWVzJTJGMjE5NzIlMjIlMkMlMjJjYXJvdXNlbE5hbWUlMjIlM0ElMjIlMjIlMkMlMjJjb2xsZWN0aW9uSWQlMjIlM0ElMjIyMTk3MiUyMiUyQyUyMmluZGV4Q2xpY2tlZCUyMiUzQTI1JTdE,https://images.mango-prod.siammakro.cloud/SOURCE/87a1e2905cca4751a3dfd3c69c130b6a,BEARING Tick & Flea Dog Shampoo แชมพูกําจัดเห็บหมัดสุนัข แชมพูอาบน้ําสุนัข ขจัดกลิ่นสาบ ป้องกันเห็บ หมัด 600ml สุนัขขนยาว,117.,฿ 189.00,-38%
https://www.makro.pro/th/p/uiz-UpU-854115892552086?info=JTdCJTIycGFnZVNsdWclMjIlM0ElMjJQZXQlMjBEZXN0aW5hdGlvbiUyMCU3QyUyMFBldCUyMFN1cHBsaWVzJTJGMjE5NzIlMjIlMkMlMjJjYXJvdXNlbE5hbWUlMjIlM0ElMjIlMjIlMkMlMjJjb2xsZWN0aW9uSWQlMjIlM0ElMjIyMTk3MiUyMiUyQyUyMmluZGV4Q2xpY2tlZCUyMiUzQTI2JTdE,https://images.mango-prod.siammakro.cloud/SOURCE/3ee87cc5f94e46568c62606c671208c2,BEARING Tick & Flea Dog Shampoo แชมพูกําจัดเห็บหมัด 300ml. สุนัขทุกสายพันธุ์,73.,฿ 105.00,-30%
https://www.makro.pro/th/p/nAcS9Nd-553826745989554?info=JTdCJTIycGFnZVNsdWclMjIlM0ElMjJQZXQlMjBEZXN0aW5hdGlvbiUyMCU3QyUyMFBldCUyMFN1cHBsaWVzJTJGMjE5NzIlMjIlMkMlMjJjYXJvdXNlbE5hbWUlMjIlM0ElMjIlMjIlMkMlMjJjb2xsZWN0aW9uSWQlMjIlM0ElMjIyMTk3MiUyMiUyQyUyMmluZGV4Q2xpY2tlZCUyMiUzQTI3JTdE,https://images.mango-prod.siammakro.cloud/SOURCE/bf41a376f5f8484a82f62f20e1537902,BEARING Bad Smell Bye Bye น้ํายาหอมดับกลิ่นสัตว์เลี้ยง ล็อคกลิ่นเหม็นทันที ดับกลิ่นอึฉี่สุนัข ที่นอน 600ml,123.,฿ 229.00,-46%
https://www.makro.pro/th/p/CLg2PZO-903920915757979?info=JTdCJTIycGFnZVNsdWclMjIlM0ElMjJQZXQlMjBEZXN0aW5hdGlvbiUyMCU3QyUyMFBldCUyMFN1cHBsaWVzJTJGMjE5NzIlMjIlMkMlMjJjYXJvdXNlbE5hbWUlMjIlM0ElMjIlMjIlMkMlMjJjb2xsZWN0aW9uSWQlMjIlM0ElMjIyMTk3MiUyMiUyQyUyMmluZGV4Q2xpY2tlZCUyMiUzQTI4JTdE,https://images.mango-prod.siammakro.cloud/SOURCE/5e9c11295efd430bbf0b2c9a9ed2b4e0,Chic&Charm Floor Cleaner น้ํายาถูพื้น ทําความสะอาด กลิ่นหอม กําจัดกลิ่นอับ สําหรับสัตว์เลี้ยง หัวน้ําหอมฝรั่งเศส 910ml. Kenz Flower,87.,฿ 95.00,-8%
https://www.makro.pro/th/p/b4so0Wn-367928286456408?info=JTdCJTIycGFnZVNsdWclMjIlM0ElMjJQZXQlMjBEZXN0aW5hdGlvbiUyMCU3QyUyMFBldCUyMFN1cHBsaWVzJTJGMjE5NzIlMjIlMkMlMjJjYXJvdXNlbE5hbWUlMjIlM0ElMjIlMjIlMkMlMjJjb2xsZWN0aW9uSWQlMjIlM0ElMjIyMTk3MiUyMiUyQyUyMmluZGV4Q2xpY2tlZCUyMiUzQTI5JTdE,https://images.mango-prod.siammakro.cloud/SOURCE/b686384dad764e9ea3196156f6ec04b5,"BEARING Groomer’s Choice Conditioning Shampoo กรูมเมอร์ช้อยส์แชมพูผสมครีมนวด Baby Powder,3800",294.,฿ 369.00,-20%
https://www.makro.pro/th/p/3Ln2xKI-309592451874733?info=JTdCJTIycGFnZVNsdWclMjIlM0ElMjJQZXQlMjBEZXN0aW5hdGlvbiUyMCU3QyUyMFBldCUyMFN1cHBsaWVzJTJGMjE5NzIlMjIlMkMlMjJjYXJvdXNlbE5hbWUlMjIlM0ElMjIlMjIlMkMlMjJjb2xsZWN0aW9uSWQlMjIlM0ElMjIyMTk3MiUyMiUyQyUyMmluZGV4Q2xpY2tlZCUyMiUzQTMwJTdE,https://images.mango-prod.siammakro.cloud/SOURCE/0c976ec057a34a93bca0c354c9956540,BEARING Tick & Flea Dog Shampoo แชมพูกําจัดเห็บหมัด 300ml. สุนัขขนยาว,73.,฿ 105.00,-30%
https://www.makro.pro/th/p/3HW5PPt-551656384370564?info=JTdCJTIycGFnZVNsdWclMjIlM0ElMjJQZXQlMjBEZXN0aW5hdGlvbiUyMCU3QyUyMFBldCUyMFN1cHBsaWVzJTJGMjE5NzIlMjIlMkMlMjJjYXJvdXNlbE5hbWUlMjIlM0ElMjIlMjIlMkMlMjJjb2xsZWN0aW9uSWQlMjIlM0ElMjIyMTk3MiUyMiUyQyUyMmluZGV4Q2xpY2tlZCUyMiUzQTMxJTdE,https://images.mango-prod.siammakro.cloud/SOURCE/ae2bc1f567804a1d82408b3cfeae8ad6,BEARING Tick & Flea Dog Shampoo แชมพูกําจัดเห็บหมัดสุนัข แชมพูอาบน้ําสุนัข ขจัดกลิ่นสาบ ป้องกันเห็บ หมัด 3000 ml สุนัขทุกสายพันธ์,358.,฿ 449.00,-20%
https://www.makro.pro/th/p/4EiulO2-296651577632814?info=JTdCJTIycGFnZVNsdWclMjIlM0ElMjJQZXQlMjBEZXN0aW5hdGlvbiUyMCU3QyUyMFBldCUyMFN1cHBsaWVzJTJGMjE5NzIlMjIlMkMlMjJjYXJvdXNlbE5hbWUlMjIlM0ElMjIlMjIlMkMlMjJjb2xsZWN0aW9uSWQlMjIlM0ElMjIyMTk3MiUyMiUyQyUyMmluZGV4Q2xpY2tlZCUyMiUzQTMyJTdE,https://images.mango-prod.siammakro.cloud/SOURCE/6afa3b3dedf44cf49e93a2cbcc7e1a2a,BEARING Tick&Flea Soap For Dog สบู่ก้อนอาบน้ําสุนัข ป้องกันเห็บหมัด ใช้ได้นาน มีสูตรเฉพาะสําหรับเส้นขนทุกประเภท 100 g. สูตรดับกลิ่นสาบ,33.,฿ 34.00,-2%
https://www.makro.pro/th/p/LeOzIib-466921523102970?info=JTdCJTIycGFnZVNsdWclMjIlM0ElMjJQZXQlMjBEZXN0aW5hdGlvbiUyMCU3QyUyMFBldCUyMFN1cHBsaWVzJTJGMjE5NzIlMjIlMkMlMjJjYXJvdXNlbE5hbWUlMjIlM0ElMjIlMjIlMkMlMjJjb2xsZWN0aW9uSWQlMjIlM0ElMjIyMTk3MiUyMiUyQyUyMmluZGV4Q2xpY2tlZCUyMiUzQTMzJTdE,https://images.mango-prod.siammakro.cloud/SOURCE/b6740b5d6e564db2ba9ce33d7eb8aff5,BEARING Tick & Flea Dog Powder แป้งกําจัดเห็บหมัด สําหรับสัตว์เลี้ยง แป้งโรยตัวสุนัข ลดความมันผิวหนัง เส้นขน 150 กรัม,63.,฿ 69.00,-8%
https://www.makro.pro/th/p/2uui7E3-731384360085176?info=JTdCJTIycGFnZVNsdWclMjIlM0ElMjJQZXQlMjBEZXN0aW5hdGlvbiUyMCU3QyUyMFBldCUyMFN1cHBsaWVzJTJGMjE5NzIlMjIlMkMlMjJjYXJvdXNlbE5hbWUlMjIlM0ElMjIlMjIlMkMlMjJjb2xsZWN0aW9uSWQlMjIlM0ElMjIyMTk3MiUyMiUyQyUyMmluZGV4Q2xpY2tlZCUyMiUzQTM0JTdE,https://images.mango-prod.siammakro.cloud/SOURCE/34e23bcdf27b448d84c1417e8dc33613,BEARING Magic Odor Remover น้ํายากําจัดกลิ่น ดับกลิ่นอึสุนัข กลิ่นขับถ่าย เห็นผลทันทีแค่ฉีด ดับกลิ่นสัตว์เลี้ยง 600ml,82.,฿ 109.00,-24%
https://www.makro.pro/th/p/s0zfsto-402396434123106?info=JTdCJTIycGFnZVNsdWclMjIlM0ElMjJQZXQlMjBEZXN0aW5hdGlvbiUyMCU3QyUyMFBldCUyMFN1cHBsaWVzJTJGMjE5NzIlMjIlMkMlMjJjYXJvdXNlbE5hbWUlMjIlM0ElMjIlMjIlMkMlMjJjb2xsZWN0aW9uSWQlMjIlM0ElMjIyMTk3MiUyMiUyQyUyMmluZGV4Q2xpY2tlZCUyMiUzQTM1JTdE,https://images.mango-prod.siammakro.cloud/SOURCE/f596b85bf4cb4e3eac5257eb4397f55a,BEARING Tick & Flea Dog น้ํายากําจัดเห็บหมัด สําหรับสุนัข เห็นผลรวดเร็ว 250ml,123.,฿ 159.00,-22%
https://www.makro.pro/th/p/L4GeZnX-667785029298833?info=JTdCJTIycGFnZVNsdWclMjIlM0ElMjJQZXQlMjBEZXN0aW5hdGlvbiUyMCU3QyUyMFBldCUyMFN1cHBsaWVzJTJGMjE5NzIlMjIlMkMlMjJjYXJvdXNlbE5hbWUlMjIlM0ElMjIlMjIlMkMlMjJjb2xsZWN0aW9uSWQlMjIlM0ElMjIyMTk3MiUyMiUyQyUyMmluZGV4Q2xpY2tlZCUyMiUzQTM2JTdE,https://images.mango-prod.siammakro.cloud/SOURCE/c8013a0c2f5b476cb8a742a6af9fd342,"BEARING Cat Shampoo แชมพูแมว แชมพูอาบน้ําแมว สูตรอ่อนโยน บํารุงผิวหนังและเส้นขน สําหรับแมวทุกสายพันธุ์ ผิวแห้งและผิวบอบบาง,350ml",123.,฿ 229.00,-46%
https://www.makro.pro/th/p/Zl98W1d-332235805481095?info=JTdCJTIycGFnZVNsdWclMjIlM0ElMjJQZXQlMjBEZXN0aW5hdGlvbiUyMCU3QyUyMFBldCUyMFN1cHBsaWVzJTJGMjE5NzIlMjIlMkMlMjJjYXJvdXNlbE5hbWUlMjIlM0ElMjIlMjIlMkMlMjJjb2xsZWN0aW9uSWQlMjIlM0ElMjIyMTk3MiUyMiUyQyUyMmluZGV4Q2xpY2tlZCUyMiUzQTM3JTdE,https://images.mango-prod.siammakro.cloud/SOURCE/774b1e984f2c4619bff128ca604faa2c,Bearing Aromatic Spa Dog Shampoo แชมพูสุนัข แชมพูอโรม่า สําหรับสุนัข กลิ่นหอมผ่อนคลายจาก Essential Oils อ่อนโยน 450ml สุนัขที่ผิวบอบบาง,235.,฿ 319.00,-26%
https://www.makro.pro/th/p/Ct6HUdn-993193709813759?info=JTdCJTIycGFnZVNsdWclMjIlM0ElMjJQZXQlMjBEZXN0aW5hdGlvbiUyMCU3QyUyMFBldCUyMFN1cHBsaWVzJTJGMjE5NzIlMjIlMkMlMjJjYXJvdXNlbE5hbWUlMjIlM0ElMjIlMjIlMkMlMjJjb2xsZWN0aW9uSWQlMjIlM0ElMjIyMTk3MiUyMiUyQyUyMmluZGV4Q2xpY2tlZCUyMiUzQTM4JTdE,https://images.mango-prod.siammakro.cloud/SOURCE/ecc2bc6ad0b241df8e0e6260e7799d7a,"BEARING Cat Litter ทรายแมว ทรายแมวแร่ภูเขาไฟ ทรายอนามัย สําหรับแมว กําจัดกลิ่นได้ทันที จับตัวเป็นก้อนทันที 3 kg. Lavender,ทรายเม็ดเล็ก",123.,฿ 159.00,-22%
https://www.makro.pro/th/p/BMrWiQ6-329020659774142?info=JTdCJTIycGFnZVNsdWclMjIlM0ElMjJQZXQlMjBEZXN0aW5hdGlvbiUyMCU3QyUyMFBldCUyMFN1cHBsaWVzJTJGMjE5NzIlMjIlMkMlMjJjYXJvdXNlbE5hbWUlMjIlM0ElMjIlMjIlMkMlMjJjb2xsZWN0aW9uSWQlMjIlM0ElMjIyMTk3MiUyMiUyQyUyMmluZGV4Q2xpY2tlZCUyMiUzQTM5JTdE,https://images.mango-prod.siammakro.cloud/SOURCE/95e341b7511d4196915b9861b7f91746,"BEARING Cat Shampoo แชมพูแมว แชมพูอาบน้ําแมว สูตรอ่อนโยน บํารุงผิวหนังและเส้นขน สําหรับแมวทุกสายพันธุ์ ลดและป้องกันขนร่วง,350ml",123.,฿ 229.00,-46%
https://www.makro.pro/th/p/jJGwv0i-192827446858609?info=JTdCJTIycGFnZVNsdWclMjIlM0ElMjJQZXQlMjBEZXN0aW5hdGlvbiUyMCU3QyUyMFBldCUyMFN1cHBsaWVzJTJGMjE5NzIlMjIlMkMlMjJjYXJvdXNlbE5hbWUlMjIlM0ElMjIlMjIlMkMlMjJjb2xsZWN0aW9uSWQlMjIlM0ElMjIyMTk3MiUyMiUyQyUyMmluZGV4Q2xpY2tlZCUyMiUzQTQwJTdE,https://images.mango-prod.siammakro.cloud/SOURCE/08aff382cb874f779b08b6030d87285b,BEARING Tick & Flea Dog Shampoo แชมพูกําจัดเห็บหมัดสุนัข แชมพูอาบน้ําสุนัข ขจัดกลิ่นสาบ ป้องกันเห็บ หมัด 1500ml สุนัขพันธ์เล็ก,217.,฿ 319.00,-31%
https://www.makro.pro/th/p/02sa7sE-907889846458299?info=JTdCJTIycGFnZVNsdWclMjIlM0ElMjJQZXQlMjBEZXN0aW5hdGlvbiUyMCU3QyUyMFBldCUyMFN1cHBsaWVzJTJGMjE5NzIlMjIlMkMlMjJjYXJvdXNlbE5hbWUlMjIlM0ElMjIlMjIlMkMlMjJjb2xsZWN0aW9uSWQlMjIlM0ElMjIyMTk3MiUyMiUyQyUyMmluZGV4Q2xpY2tlZCUyMiUzQTQxJTdE,https://images.mango-prod.siammakro.cloud/SOURCE/8a20a0b698124d85a260f70607b9b833,Bearing Aromatic Spa Dog Shampoo แชมพูสุนัข แชมพูอโรม่า สําหรับสุนัข กลิ่นหอมผ่อนคลายจาก Essential Oils อ่อนโยน 450ml สุนัขที่ผิวแพ้ง่าย,235.,฿ 319.00,-26%
https://www.makro.pro/th/p/UXkHIA8-297318638410423?info=JTdCJTIycGFnZVNsdWclMjIlM0ElMjJQZXQlMjBEZXN0aW5hdGlvbiUyMCU3QyUyMFBldCUyMFN1cHBsaWVzJTJGMjE5NzIlMjIlMkMlMjJjYXJvdXNlbE5hbWUlMjIlM0ElMjIlMjIlMkMlMjJjb2xsZWN0aW9uSWQlMjIlM0ElMjIyMTk3MiUyMiUyQyUyMmluZGV4Q2xpY2tlZCUyMiUzQTQyJTdE,https://images.mango-prod.siammakro.cloud/SOURCE/7648fbace63b4afb8c1af000e4feb765,BEARING Tick & Flea Dog Shampoo แชมพูกําจัดเห็บหมัดสุนัข แชมพูอาบน้ําสุนัข ขจัดกลิ่นสาบ ป้องกันเห็บ หมัด 600ml สุนัขขนสั้น,117.,฿ 189.00,-38%
https://www.makro.pro/th/p/dup_MTi-862259790593190?info=JTdCJTIycGFnZVNsdWclMjIlM0ElMjJQZXQlMjBEZXN0aW5hdGlvbiUyMCU3QyUyMFBldCUyMFN1cHBsaWVzJTJGMjE5NzIlMjIlMkMlMjJjYXJvdXNlbE5hbWUlMjIlM0ElMjIlMjIlMkMlMjJjb2xsZWN0aW9uSWQlMjIlM0ElMjIyMTk3MiUyMiUyQyUyMmluZGV4Q2xpY2tlZCUyMiUzQTQzJTdE,https://images.mango-prod.siammakro.cloud/SOURCE/4604256ad2384c4387cc6aea11c5c693,BEARING Tick & Flea Dog Shampoo แชมพูกําจัดเห็บหมัด 300ml. สุนัขขนขาว,73.,฿ 105.00,-30%
https://www.makro.pro/th/p/46AbP2x-479477710609483?info=JTdCJTIycGFnZVNsdWclMjIlM0ElMjJQZXQlMjBEZXN0aW5hdGlvbiUyMCU3QyUyMFBldCUyMFN1cHBsaWVzJTJGMjE5NzIlMjIlMkMlMjJjYXJvdXNlbE5hbWUlMjIlM0ElMjIlMjIlMkMlMjJjb2xsZWN0aW9uSWQlMjIlM0ElMjIyMTk3MiUyMiUyQyUyMmluZGV4Q2xpY2tlZCUyMiUzQTQ0JTdE,https://images.mango-prod.siammakro.cloud/SOURCE/04ce1068b6ac4cf186739a6b2fce876d,BEARING Ear Care Lotion for Dog โลชั่นเช็ดหูสุนัข ลดการอักเสบ ดับกลิ่นหู ทําความสะอาด และฆ่าเชื้อแบคทีเรีย 100 ml,81.,฿ 109.00,-25%
https://www.makro.pro/th/p/w9EL8vM-557572750675033?info=JTdCJTIycGFnZVNsdWclMjIlM0ElMjJQZXQlMjBEZXN0aW5hdGlvbiUyMCU3QyUyMFBldCUyMFN1cHBsaWVzJTJGMjE5NzIlMjIlMkMlMjJjYXJvdXNlbE5hbWUlMjIlM0ElMjIlMjIlMkMlMjJjb2xsZWN0aW9uSWQlMjIlM0ElMjIyMTk3MiUyMiUyQyUyMmluZGV4Q2xpY2tlZCUyMiUzQTQ1JTdE,https://images.mango-prod.siammakro.cloud/SOURCE/ab4099661fe24b5fb55bb024de913feb,"BEARING Groomer’s Choice Conditioning Shampoo กรูมเมอร์ช้อยส์แชมพูผสมครีมนวด Baby Powder,1500",199.,฿ 235.00,-15%
https://www.makro.pro/th/p/VNGja1j-962564658067213?info=JTdCJTIycGFnZVNsdWclMjIlM0ElMjJQZXQlMjBEZXN0aW5hdGlvbiUyMCU3QyUyMFBldCUyMFN1cHBsaWVzJTJGMjE5NzIlMjIlMkMlMjJjYXJvdXNlbE5hbWUlMjIlM0ElMjIlMjIlMkMlMjJjb2xsZWN0aW9uSWQlMjIlM0ElMjIyMTk3MiUyMiUyQyUyMmluZGV4Q2xpY2tlZCUyMiUzQTQ2JTdE,https://images.mango-prod.siammakro.cloud/SOURCE/2dfc2d5e34544b40b6a6756e867116d0,BEARING Cat Multi Vitamin for Cat วิตามินรวมสําหรับแมว วิตามินแมว อาหารเสริมแมว บํารุงสุขภาพบํารุงสายตา เสริมภูมิคุ้มกันแมว 100 เม็ด,73.,฿ 109.00,-33%
https://www.makro.pro/th/p/3eZtQCp-175740040110979?info=JTdCJTIycGFnZVNsdWclMjIlM0ElMjJQZXQlMjBEZXN0aW5hdGlvbiUyMCU3QyUyMFBldCUyMFN1cHBsaWVzJTJGMjE5NzIlMjIlMkMlMjJjYXJvdXNlbE5hbWUlMjIlM0ElMjIlMjIlMkMlMjJjb2xsZWN0aW9uSWQlMjIlM0ElMjIyMTk3MiUyMiUyQyUyMmluZGV4Q2xpY2tlZCUyMiUzQTQ3JTdE,https://images.mango-prod.siammakro.cloud/SOURCE/9fe56bc233744dbdba10e947c1a6e21a,BEARING NATURE SERIES แบร์ริ่ง เนเจอร์ แชมพูน้ํามันเมล็ดธรรมชาติ สําหรับสุนัขและแมวทุกสายพันธ์ 250 ml.,235.,฿ 369.00,-36%
https://www.makro.pro/th/p/w7MpMu7-304266883987810?info=JTdCJTIycGFnZVNsdWclMjIlM0ElMjJQZXQlMjBEZXN0aW5hdGlvbiUyMCU3QyUyMFBldCUyMFN1cHBsaWVzJTJGMjE5NzIlMjIlMkMlMjJjYXJvdXNlbE5hbWUlMjIlM0ElMjIlMjIlMkMlMjJjb2xsZWN0aW9uSWQlMjIlM0ElMjIyMTk3MiUyMiUyQyUyMmluZGV4Q2xpY2tlZCUyMiUzQTQ4JTdE,https://images.mango-prod.siammakro.cloud/SOURCE/13ce1befb22b484cb197f27a416b7384,BEARING Tick & Flea Dog Shampoo แชมพูกําจัดเห็บหมัดสุนัข แชมพูอาบน้ําสุนัข ขจัดกลิ่นสาบ ป้องกันเห็บ หมัด 1500ml สุนัขทุกสายพันธ์,217.,฿ 319.00,-31%
https://www.makro.pro/th/p/5HbBcKL-522621154352907?info=JTdCJTIycGFnZVNsdWclMjIlM0ElMjJQZXQlMjBEZXN0aW5hdGlvbiUyMCU3QyUyMFBldCUyMFN1cHBsaWVzJTJGMjE5NzIlMjIlMkMlMjJjYXJvdXNlbE5hbWUlMjIlM0ElMjIlMjIlMkMlMjJjb2xsZWN0aW9uSWQlMjIlM0ElMjIyMTk3MiUyMiUyQyUyMmluZGV4Q2xpY2tlZCUyMiUzQTQ5JTdE,https://images.mango-prod.siammakro.cloud/SOURCE/20759b0c221c43a98b4a9aff6d28d8ac,BEARING Cat Ear Care Lotion for Cat โลชั่นเช็ดหูแมว ทําความสะอาดหูสัตว์เลี้ยง ดับกลิ่น ลดอักเสบ ฆ่าเชื้อแบคทีเรีย 100ml eucalyptus,81.,฿ 109.00,-25%
https://www.makro.pro/th/p/J0fnK0c-288931021736154?info=JTdCJTIycGFnZVNsdWclMjIlM0ElMjJQZXQlMjBEZXN0aW5hdGlvbiUyMCU3QyUyMFBldCUyMFN1cHBsaWVzJTJGMjE5NzIlMjIlMkMlMjJjYXJvdXNlbE5hbWUlMjIlM0ElMjIlMjIlMkMlMjJjb2xsZWN0aW9uSWQlMjIlM0ElMjIyMTk3MiUyMiUyQyUyMmluZGV4Q2xpY2tlZCUyMiUzQTUwJTdE,https://images.mango-prod.siammakro.cloud/SOURCE/07b3ec00e2a441188a426a141613fb62,BEARING Tick&Flea Soap For Dog สบู่ก้อนอาบน้ําสุนัข ป้องกันเห็บหมัด ใช้ได้นาน มีสูตรเฉพาะสําหรับเส้นขนทุกประเภท 100 g. สูตรสมุนไพร,33.,฿ 34.00,-2%
https://www.makro.pro/th/p/xmLKolu-665490202802198?info=JTdCJTIycGFnZVNsdWclMjIlM0ElMjJQZXQlMjBEZXN0aW5hdGlvbiUyMCU3QyUyMFBldCUyMFN1cHBsaWVzJTJGMjE5NzIlMjIlMkMlMjJjYXJvdXNlbE5hbWUlMjIlM0ElMjIlMjIlMkMlMjJjb2xsZWN0aW9uSWQlMjIlM0ElMjIyMTk3MiUyMiUyQyUyMmluZGV4Q2xpY2tlZCUyMiUzQTUxJTdE,https://images.mango-prod.siammakro.cloud/SOURCE/97c4701e38984d9ebf57fc24a076f89c,BEARING Cat Tea Tree Oil Ear Care Gel เจลเช็ดหูแมว น้ํายาเช็ดหูแมว ทําความสะอาดหู ลดกลิ่น ป้องกันอักเสบ ฆ่าเชื้อ 100 ml Tea Tree Oil,91.,฿ 169.00,-46%
https://www.makro.pro/th/p/ccbRCxa-778998748675886?info=JTdCJTIycGFnZVNsdWclMjIlM0ElMjJQZXQlMjBEZXN0aW5hdGlvbiUyMCU3QyUyMFBldCUyMFN1cHBsaWVzJTJGMjE5NzIlMjIlMkMlMjJjYXJvdXNlbE5hbWUlMjIlM0ElMjIlMjIlMkMlMjJjb2xsZWN0aW9uSWQlMjIlM0ElMjIyMTk3MiUyMiUyQyUyMmluZGV4Q2xpY2tlZCUyMiUzQTUyJTdE,https://images.mango-prod.siammakro.cloud/SOURCE/db6cb701490d4c788246d98c3b60f432,Bearing ครีมนวดขน ครีมนวดขนสุนัข หมา ครีมนวดบํารุงขน บํารุงขน แก้ขนพันกัน Groomer’s Choice Conditioner 450 ml.,87.,฿ 135.00,-35%
https://www.makro.pro/th/p/2vt1ylM-105480507937605?info=JTdCJTIycGFnZVNsdWclMjIlM0ElMjJQZXQlMjBEZXN0aW5hdGlvbiUyMCU3QyUyMFBldCUyMFN1cHBsaWVzJTJGMjE5NzIlMjIlMkMlMjJjYXJvdXNlbE5hbWUlMjIlM0ElMjIlMjIlMkMlMjJjb2xsZWN0aW9uSWQlMjIlM0ElMjIyMTk3MiUyMiUyQyUyMmluZGV4Q2xpY2tlZCUyMiUzQTUzJTdE,https://images.mango-prod.siammakro.cloud/SOURCE/83be8e16facb4e5b918b18af92a682be,"BEARING Cat Litter ทรายแมว ทรายแมวแร่ภูเขาไฟ ทรายอนามัย สําหรับแมว กําจัดกลิ่นได้ทันที จับตัวเป็นก้อนทันที 3 kg. Apple,ทรายเม็ดเล็ก",123.,฿ 159.00,-22%
https://www.makro.pro/th/p/KUfNjJb-311196063887167?info=JTdCJTIycGFnZVNsdWclMjIlM0ElMjJQZXQlMjBEZXN0aW5hdGlvbiUyMCU3QyUyMFBldCUyMFN1cHBsaWVzJTJGMjE5NzIlMjIlMkMlMjJjYXJvdXNlbE5hbWUlMjIlM0ElMjIlMjIlMkMlMjJjb2xsZWN0aW9uSWQlMjIlM0ElMjIyMTk3MiUyMiUyQyUyMmluZGV4Q2xpY2tlZCUyMiUzQTU0JTdE,https://images.mango-prod.siammakro.cloud/SOURCE/aa39528132894c24ad4bc314d9861780,"BEARING Pet Bowl ชามอาหารสัตว์เลี้ยง อุปกรณ์สัตว์เลี้ยง ที่ใส่อาหารสัตว์เลี้ยง ชามอาหารสุนัข จานข้าวแมว ถาดข้าว คงทน ส้ม,2ช่อง ขนาดกลาง",73.,฿ 99.00,-26%
https://www.makro.pro/th/p/dusLZ5Q-635728837930739?info=JTdCJTIycGFnZVNsdWclMjIlM0ElMjJQZXQlMjBEZXN0aW5hdGlvbiUyMCU3QyUyMFBldCUyMFN1cHBsaWVzJTJGMjE5NzIlMjIlMkMlMjJjYXJvdXNlbE5hbWUlMjIlM0ElMjIlMjIlMkMlMjJjb2xsZWN0aW9uSWQlMjIlM0ElMjIyMTk3MiUyMiUyQyUyMmluZGV4Q2xpY2tlZCUyMiUzQTU1JTdE,https://images.mango-prod.siammakro.cloud/SOURCE/d1a27ed07e3244cfa5dcea73c4dc7c05,"Chic&Charm Conditioning Shampoo ชิคแอนด์ชาร์ม คอนดิชั่นนิ่งแชมพู สําหรับสุนัขและแมว Donna Apple,1000ml.",253.,฿ 335.00,-24%
https://www.makro.pro/th/p/deC9Fua-569196301597464?info=JTdCJTIycGFnZVNsdWclMjIlM0ElMjJQZXQlMjBEZXN0aW5hdGlvbiUyMCU3QyUyMFBldCUyMFN1cHBsaWVzJTJGMjE5NzIlMjIlMkMlMjJjYXJvdXNlbE5hbWUlMjIlM0ElMjIlMjIlMkMlMjJjb2xsZWN0aW9uSWQlMjIlM0ElMjIyMTk3MiUyMiUyQyUyMmluZGV4Q2xpY2tlZCUyMiUzQTU2JTdE,https://images.mango-prod.siammakro.cloud/SOURCE/34c233e861b6411b9f2c9c9baba1f0bb,"BEARING ICY Cool Dog Shampoo แชมพูสุนัขสูตรเย็น สะอาด อ่อนโยน แชมพูสุนัขแมว แชมพูเย็น แชมพูคลายร้อนสัตว์เลี้ยง 450 ml Pinky Cool,450 ml.",105.,฿ 135.00,-22%
https://www.makro.pro/th/p/q6FK4Kx-187816255293505?info=JTdCJTIycGFnZVNsdWclMjIlM0ElMjJQZXQlMjBEZXN0aW5hdGlvbiUyMCU3QyUyMFBldCUyMFN1cHBsaWVzJTJGMjE5NzIlMjIlMkMlMjJjYXJvdXNlbE5hbWUlMjIlM0ElMjIlMjIlMkMlMjJjb2xsZWN0aW9uSWQlMjIlM0ElMjIyMTk3MiUyMiUyQyUyMmluZGV4Q2xpY2tlZCUyMiUzQTU3JTdE,https://images.mango-prod.siammakro.cloud/SOURCE/795ebfcac2de487ea29139652a682aac,"BEARING Groomer’s Choice Conditioning Shampoo กรูมเมอร์ช้อยส์แชมพูผสมครีมนวด Bubble Gum,1500",199.,฿ 235.00,-15%
https://www.makro.pro/th/p/gkguXn5-278839758111847?info=JTdCJTIycGFnZVNsdWclMjIlM0ElMjJQZXQlMjBEZXN0aW5hdGlvbiUyMCU3QyUyMFBldCUyMFN1cHBsaWVzJTJGMjE5NzIlMjIlMkMlMjJjYXJvdXNlbE5hbWUlMjIlM0ElMjIlMjIlMkMlMjJjb2xsZWN0aW9uSWQlMjIlM0ElMjIyMTk3MiUyMiUyQyUyMmluZGV4Q2xpY2tlZCUyMiUzQTU4JTdE,https://images.mango-prod.siammakro.cloud/SOURCE/20d63a88280b4af1887ecfecd8cfc2f7,"BEARING ICY Cool Dog Shampoo แชมพูสุนัขสูตรเย็น สะอาด อ่อนโยน แชมพูสุนัขแมว แชมพูเย็น แชมพูคลายร้อนสัตว์เลี้ยง 450 ml Pinky Cool (Refill),450 ml.",91.,฿ 119.00,-23%
https://www.makro.pro/th/p/24dq2WG-823772181235660?info=JTdCJTIycGFnZVNsdWclMjIlM0ElMjJQZXQlMjBEZXN0aW5hdGlvbiUyMCU3QyUyMFBldCUyMFN1cHBsaWVzJTJGMjE5NzIlMjIlMkMlMjJjYXJvdXNlbE5hbWUlMjIlM0ElMjIlMjIlMkMlMjJjb2xsZWN0aW9uSWQlMjIlM0ElMjIyMTk3MiUyMiUyQyUyMmluZGV4Q2xpY2tlZCUyMiUzQTU5JTdE,https://images.mango-prod.siammakro.cloud/SOURCE/9324371902b94765b0c4a12f7c07c2bc,BEARING Tick & Flea Dog Shampoo แชมพูกําจัดเห็บหมัดสุนัข แชมพูอาบน้ําสุนัข ขจัดกลิ่นสาบ ป้องกันเห็บ หมัด 600ml สุนัขพันธุ์เล็ก,117.,฿ 189.00,-38%
https://www.makro.pro/th/p/9O1eJ2R-320777177939064?info=JTdCJTIycGFnZVNsdWclMjIlM0ElMjJQZXQlMjBEZXN0aW5hdGlvbiUyMCU3QyUyMFBldCUyMFN1cHBsaWVzJTJGMjE5NzIlMjIlMkMlMjJjYXJvdXNlbE5hbWUlMjIlM0ElMjIlMjIlMkMlMjJjb2xsZWN0aW9uSWQlMjIlM0ElMjIyMTk3MiUyMiUyQyUyMmluZGV4Q2xpY2tlZCUyMiUzQTYwJTdE,https://images.mango-prod.siammakro.cloud/SOURCE/efa45b5366c848e988fa9d21beeadb90,BEARING Calcium แคลเซียมสัตว์เลี้ยงแบบเม็ด อาหารเสริม แคลเซียมสุนัข บํารุงกระดูกและฟัน เหมาะกับแม่ลูกสุนัข 135g เนื้อ,92.,฿ 129.00,-28%
https://www.makro.pro/th/p/A4VekR4-651463518465899?info=JTdCJTIycGFnZVNsdWclMjIlM0ElMjJQZXQlMjBEZXN0aW5hdGlvbiUyMCU3QyUyMFBldCUyMFN1cHBsaWVzJTJGMjE5NzIlMjIlMkMlMjJjYXJvdXNlbE5hbWUlMjIlM0ElMjIlMjIlMkMlMjJjb2xsZWN0aW9uSWQlMjIlM0ElMjIyMTk3MiUyMiUyQyUyMmluZGV4Q2xpY2tlZCUyMiUzQTYxJTdE,https://images.mango-prod.siammakro.cloud/SOURCE/877360836b9b4abd9bc30ea6e47faa91,"BEARING Pet Bowl ชามอาหารสัตว์เลี้ยง อุปกรณ์สัตว์เลี้ยง ที่ใส่อาหารสัตว์เลี้ยง ชามอาหารสุนัข จานข้าวแมว ถาดข้าว คงทน ส้ม,แบบเหลี่ยม ขนาดเล็ก",33.,฿ 39.00,-15%
https://www.makro.pro/th/p/6ScqoW5-761845659761090?info=JTdCJTIycGFnZVNsdWclMjIlM0ElMjJQZXQlMjBEZXN0aW5hdGlvbiUyMCU3QyUyMFBldCUyMFN1cHBsaWVzJTJGMjE5NzIlMjIlMkMlMjJjYXJvdXNlbE5hbWUlMjIlM0ElMjIlMjIlMkMlMjJjb2xsZWN0aW9uSWQlMjIlM0ElMjIyMTk3MiUyMiUyQyUyMmluZGV4Q2xpY2tlZCUyMiUzQTYyJTdE,https://images.mango-prod.siammakro.cloud/SOURCE/bcc3f48161924abcaf704c5241183b65,"BEARING Pet Bowl ชามอาหารสัตว์เลี้ยง อุปกรณ์สัตว์เลี้ยง ที่ใส่อาหารสัตว์เลี้ยง ชามอาหารสุนัข จานข้าวแมว ถาดข้าว คงทน ม่วง,2ช่อง ขนาดกลาง",73.,฿ 99.00,-26%
https://www.makro.pro/th/p/JSXGXwi-704445181489394?info=JTdCJTIycGFnZVNsdWclMjIlM0ElMjJQZXQlMjBEZXN0aW5hdGlvbiUyMCU3QyUyMFBldCUyMFN1cHBsaWVzJTJGMjE5NzIlMjIlMkMlMjJjYXJvdXNlbE5hbWUlMjIlM0ElMjIlMjIlMkMlMjJjb2xsZWN0aW9uSWQlMjIlM0ElMjIyMTk3MiUyMiUyQyUyMmluZGV4Q2xpY2tlZCUyMiUzQTYzJTdE,https://images.mango-prod.siammakro.cloud/SOURCE/5a058c98ca0e4df8aff23a3e288e94e4,"Chic&Charm Conditioning Shampoo ชิคแอนด์ชาร์ม คอนดิชั่นนิ่งแชมพู สําหรับสุนัขและแมว Polo SP,250ml.",87.,฿ 129.00,-32%
https://www.makro.pro/th/p/8YN66Ql-430890342410596?info=JTdCJTIycGFnZVNsdWclMjIlM0ElMjJQZXQlMjBEZXN0aW5hdGlvbiUyMCU3QyUyMFBldCUyMFN1cHBsaWVzJTJGMjE5NzIlMjIlMkMlMjJjYXJvdXNlbE5hbWUlMjIlM0ElMjIlMjIlMkMlMjJjb2xsZWN0aW9uSWQlMjIlM0ElMjIyMTk3MiUyMiUyQyUyMmluZGV4Q2xpY2tlZCUyMiUzQTY0JTdE,https://images.mango-prod.siammakro.cloud/SOURCE/7d57d427bb014effab89484cc531ff26,BEARING Calcium แคลเซียมสัตว์เลี้ยงแบบเม็ด อาหารเสริม แคลเซียมสุนัข บํารุงกระดูกและฟัน เหมาะกับแม่ลูกสุนัข 135g ตับ,92.,฿ 129.00,-28%
https://www.makro.pro/th/p/8c2fVe3-448557135808876?info=JTdCJTIycGFnZVNsdWclMjIlM0ElMjJQZXQlMjBEZXN0aW5hdGlvbiUyMCU3QyUyMFBldCUyMFN1cHBsaWVzJTJGMjE5NzIlMjIlMkMlMjJjYXJvdXNlbE5hbWUlMjIlM0ElMjIlMjIlMkMlMjJjb2xsZWN0aW9uSWQlMjIlM0ElMjIyMTk3MiUyMiUyQyUyMmluZGV4Q2xpY2tlZCUyMiUzQTY1JTdE,https://images.mango-prod.siammakro.cloud/SOURCE/02513c8b3a4d47a19cb56a2f3d772fbe,"BEARING ICY Cool Dog Shampoo แชมพูสุนัขสูตรเย็น สะอาด อ่อนโยน แชมพูสุนัขแมว แชมพูเย็น แชมพูคลายร้อนสัตว์เลี้ยง 450 ml Cool Sport,450 ml.",105.,฿ 135.00,-22%
https://www.makro.pro/th/p/W58rMr9-724136310756378?info=JTdCJTIycGFnZVNsdWclMjIlM0ElMjJQZXQlMjBEZXN0aW5hdGlvbiUyMCU3QyUyMFBldCUyMFN1cHBsaWVzJTJGMjE5NzIlMjIlMkMlMjJjYXJvdXNlbE5hbWUlMjIlM0ElMjIlMjIlMkMlMjJjb2xsZWN0aW9uSWQlMjIlM0ElMjIyMTk3MiUyMiUyQyUyMmluZGV4Q2xpY2tlZCUyMiUzQTY2JTdE,https://images.mango-prod.siammakro.cloud/SOURCE/6fa559361a794643bd739bae93bca88c,"BEARING Pet Bowl ชามอาหารสัตว์เลี้ยง อุปกรณ์สัตว์เลี้ยง ที่ใส่อาหารสัตว์เลี้ยง ชามอาหารสุนัข จานข้าวแมว ถาดข้าว คงทน ชมพู,แบบเหลี่ยม ขนาดกลาง",51.,฿ 65.00,-21%
