MuiBox-root href,MuiBox-root src,MuiBox-root,css-1n8x1y2,MuiTypography-root (2),MuiTypography-root (3),MuiTypography-root (4),MuiTypography-root (5),MuiTypography-root (6)
https://www.makro.pro/th/p/ap8hqpi-7416067162307,https://images.mango-prod.siammakro.cloud/product-images/7416067162307-52173105-94c8-4e53-8f69-ae35400838e5.jpeg?imageMogr2/thumbnail/300x300,"ซื้อ 1,500฿ ได้รับ 20 พอยท์",เอโร่ ป้ายสติ๊กเกอร์ ขนาด A7 แพ็ค 2 ห่อ,฿,49.,00,฿ 75.00,-34%
https://www.makro.pro/th/p/5zyhxim-7497447342275?info=JTdCJTIyaW5kZXhDbGlja2VkJTIyJTNBMSU3RA,https://images.mango-prod.siammakro.cloud/product-images/7497447342275-4e1411b4-0918-4b29-8395-4c5c2dc742f8.jpeg?imageMogr2/thumbnail/300x300,"ซื้อ 1,500฿ ได้รับ 20 พอยท์",เอโร่ ป้ายสติ๊กเกอร์ ขนาด A3 แพ็ค 2 ห่อ,฿,48.,00,฿ 75.00,-36%
https://www.makro.pro/th/p/5cdohsf-7497608724675?info=JTdCJTIyaW5kZXhDbGlja2VkJTIyJTNBMiU3RA,https://images.mango-prod.siammakro.cloud/product-images/7497608724675-126efd34-a9b2-4728-85a0-37924841617f.jpeg?imageMogr2/thumbnail/300x300,"ซื้อ 1,500฿ ได้รับ 20 พอยท์",เอโร่ ป้ายสติ๊กเกอร์ ขนาด A8 แพ็ค 2 ห่อ,฿,46.,00,฿ 75.00,-38%
https://www.makro.pro/th/p/u_4xeby-6761191833795?info=JTdCJTIyaW5kZXhDbGlja2VkJTIyJTNBMyU3RA,https://images.mango-prod.siammakro.cloud/SOURCE/3b8d816f934443c3842408ed557a69a7,,โกลด์แฮนด์ กระดาษป้ายราคา 800 ดวง,฿,136.,00,฿ 145.00,-6%
https://www.makro.pro/th/p/anxcdrn-7416059199683?info=JTdCJTIyaW5kZXhDbGlja2VkJTIyJTNBNCU3RA,https://images.mango-prod.siammakro.cloud/product-images/7416059199683-3bedb406-120f-4fb1-a254-841f8e2db695.jpeg?imageMogr2/thumbnail/300x300,"ซื้อ 1,500฿ ได้รับ 20 พอยท์",เอโร่ ป้ายสติ๊กเกอร์ ขนาด A2 แพ็ค 2 ห่อ,฿,49.,00,฿ 75.00,-34%
https://www.makro.pro/th/p/3hh6-pm-7416085577923?info=JTdCJTIyaW5kZXhDbGlja2VkJTIyJTNBNSU3RA,https://images.mango-prod.siammakro.cloud/product-images/7416085577923-f1290734-f3aa-4b57-887b-11fa2eee6eb7.jpeg?imageMogr2/thumbnail/300x300,"ซื้อ 1,500฿ ได้รับ 20 พอยท์",เอโร่ ป้ายสติ๊กเกอร์ ขนาด A15 แพ็ค 2 ห่อ,฿,47.,00,฿ 75.00,-37%
https://www.makro.pro/th/p/ijtcbxr-7497406349507?info=JTdCJTIyaW5kZXhDbGlja2VkJTIyJTNBNiU3RA,https://images.mango-prod.siammakro.cloud/product-images/7497406349507-e8246283-6d08-4160-a9da-721a2c442f14.jpeg?imageMogr2/thumbnail/300x300,"ซื้อ 1,500฿ ได้รับ 20 พอยท์",เอโร่ ป้ายสติ๊กเกอร์ ขนาด A9 แพ็ค 2 ห่อ,฿,48.,00,฿ 75.00,-36%
https://www.makro.pro/th/p/0svncl8-7416059101379?info=JTdCJTIyaW5kZXhDbGlja2VkJTIyJTNBNyU3RA,https://images.mango-prod.siammakro.cloud/SOURCE/4b0dc91e25e34d829f6a8db20399657a,,ป้ายอะคริลิก T-Shape รุ่น 47801 A4 แนวตั้ง,"฿

189.00",฿,,,
